{"cameraMode":{"drawMode":0,"name":"Shaded","section":"Shading Mode"},"sceneLighting":false,"audioPlay":false,"sceneViewState":{"m_AlwaysRefresh":false,"showFog":true,"showSkybox":false,"showFlares":true,"showImageEffects":true,"showParticleSystems":true,"showVisualEffectGraphs":true,"m_FxEnabled":true},"in2DMode":false,"pivot":{"x":0.006025046110153198,"y":0.48570871353149416,"z":-0.01932866871356964},"rotation":{"x":0.19381779432296754,"y":-0.5985679030418396,"z":0.1522015929222107,"w":0.7622298002243042},"size":0.5598853230476379,"orthographic":false}