{"cameraMode":{"drawMode":0,"name":"Shaded","section":"Shading Mode"},"sceneLighting":false,"audioPlay":false,"sceneViewState":{"m_AlwaysRefresh":false,"showFog":true,"showSkybox":false,"showFlares":true,"showImageEffects":true,"showParticleSystems":true,"showVisualEffectGraphs":true,"m_FxEnabled":true},"in2DMode":false,"pivot":{"x":-0.11443585157394409,"y":0.5547560453414917,"z":-0.20407146215438844},"rotation":{"x":-0.17919467389583589,"y":0.8205728530883789,"z":-0.3726741671562195,"w":-0.39456191658973696},"size":4.459885120391846,"orthographic":false}